frame_name,coordinates
00001.jpg,"[{'contour_0': (424, 350, 189, 97)}, {'contour_1': (635, 95, 125, 82)}, {'contour_2': (151, 54, 135, 72)}, {'contour_3': (968, 32, 164, 49)}]"
00002.jpg,"[{'contour_0': (42, 698, 90, 22)}, {'contour_1': (172, 63, 146, 74)}]"
00003.jpg,"[{'contour_0': (428, 365, 188, 79)}, {'contour_1': (1059, 78, 179, 40)}, {'contour_2': (200, 76, 141, 73)}, {'contour_3': (474, 27, 112, 35)}]"
00004.jpg,"[{'contour_0': (760, 166, 161, 96)}, {'contour_1': (224, 114, 141, 45)}, {'contour_2': (1121, 102, 159, 55)}]"
00005.jpg,"[{'contour_0': (1172, 124, 108, 56)}, {'contour_1': (239, 110, 150, 58)}]"
00006.jpg,"[{'contour_0': (436, 364, 189, 78)}, {'contour_1': (270, 110, 143, 69)}]"
00007.jpg,"[{'contour_0': (439, 362, 189, 74)}, {'contour_1': (294, 118, 144, 73)}]"
00008.jpg,"[{'contour_0': (983, 258, 139, 81)}, {'contour_1': (320, 129, 143, 72)}]"
00009.jpg,"[{'contour_0': (325, 131, 163, 80)}]"
00010.jpg,"[{'contour_0': (52, 683, 109, 37)}, {'contour_1': (354, 140, 159, 80)}]"
00011.jpg,"[{'contour_0': (385, 154, 154, 76)}]"
00012.jpg,[]
00013.jpg,"[{'contour_0': (431, 169, 158, 82)}, {'contour_1': (32, 53, 86, 57)}]"
00014.jpg,"[{'contour_0': (449, 178, 166, 82)}, {'contour_1': (399, 157, 83, 54)}]"
00015.jpg,"[{'contour_0': (426, 165, 82, 54)}]"
00016.jpg,"[{'contour_0': (516, 205, 148, 75)}, {'contour_1': (961, 28, 161, 45)}]"
00017.jpg,"[{'contour_0': (472, 351, 190, 81)}, {'contour_1': (1194, 348, 86, 49)}, {'contour_2': (549, 215, 141, 75)}, {'contour_3': (147, 105, 146, 74)}, {'contour_4': (82, 77, 110, 59)}, {'contour_5': (1015, 50, 163, 34)}]"
00018.jpg,"[{'contour_0': (557, 217, 158, 82)}, {'contour_1': (500, 195, 85, 54)}, {'contour_2': (1068, 73, 212, 112)}]"
00019.jpg,"[{'contour_0': (524, 204, 84, 55)}, {'contour_1': (1066, 75, 214, 106)}]"
00020.jpg,"[{'contour_0': (1164, 115, 116, 57)}]"
00021.jpg,"[{'contour_0': (284, 680, 69, 40)}, {'contour_1': (485, 347, 187, 80)}, {'contour_2': (647, 253, 145, 75)}]"
00022.jpg,"[{'contour_0': (663, 256, 154, 82)}]"
00023.jpg,"[{'contour_0': (625, 242, 85, 54)}]"
00024.jpg,"[{'contour_0': (567, 651, 137, 69)}, {'contour_1': (651, 251, 85, 54)}]"
00025.jpg,"[{'contour_0': (309, 521, 55, 31)}, {'contour_1': (496, 341, 167, 79)}, {'contour_2': (750, 288, 144, 77)}, {'contour_3': (339, 157, 133, 86)}, {'contour_4': (262, 141, 113, 59)}]"
00026.jpg,"[{'contour_0': (499, 339, 190, 80)}, {'contour_1': (775, 301, 145, 76)}, {'contour_2': (339, 166, 155, 87)}, {'contour_3': (283, 151, 114, 60)}]"
00027.jpg,"[{'contour_0': (727, 281, 88, 55)}, {'contour_1': (1185, 107, 95, 45)}]"
00028.jpg,"[{'contour_0': (752, 291, 87, 54)}]"
00029.jpg,"[{'contour_0': (616, 679, 74, 41)}, {'contour_1': (833, 332, 163, 74)}]"
00030.jpg,"[{'contour_0': (207, 621, 82, 51)}, {'contour_1': (878, 343, 145, 73)}, {'contour_2': (510, 334, 188, 70)}, {'contour_3': (454, 201, 131, 86)}, {'contour_4': (373, 184, 114, 59)}]"
00031.jpg,"[{'contour_0': (905, 354, 143, 73)}]"
00032.jpg,"[{'contour_0': (931, 360, 141, 77)}]"
00033.jpg,[]
00034.jpg,"[{'contour_0': (982, 383, 142, 74)}]"
00035.jpg,"[{'contour_0': (376, 668, 149, 52)}, {'contour_1': (1005, 394, 146, 75)}]"
00036.jpg,"[{'contour_0': (1031, 404, 144, 76)}]"
00037.jpg,[]
00038.jpg,[]
00039.jpg,"[{'contour_0': (156, 483, 187, 105)}]"
00040.jpg,"[{'contour_0': (229, 521, 87, 33)}]"
00041.jpg,"[{'contour_0': (436, 638, 94, 52)}, {'contour_1': (1146, 459, 134, 74)}]"
00042.jpg,"[{'contour_0': (435, 643, 180, 77)}]"
00043.jpg,[]
00044.jpg,"[{'contour_0': (534, 672, 137, 48)}]"
00045.jpg,"[{'contour_0': (1181, 469, 99, 65)}, {'contour_1': (780, 337, 133, 86)}, {'contour_2': (552, 318, 262, 72)}]"
00046.jpg,"[{'contour_0': (781, 345, 153, 87)}]"
00047.jpg,"[{'contour_0': (823, 354, 134, 87)}, {'contour_1': (710, 337, 145, 60)}, {'contour_2': (549, 316, 136, 83)}]"
00048.jpg,"[{'contour_0': (844, 364, 134, 87)}, {'contour_1': (764, 345, 115, 61)}]"
00049.jpg,"[{'contour_0': (865, 374, 135, 88)}, {'contour_1': (784, 355, 118, 62)}, {'contour_2': (16, 71, 115, 38)}]"
00050.jpg,"[{'contour_0': (887, 384, 135, 87)}, {'contour_1': (806, 366, 117, 61)}, {'contour_2': (68, 95, 113, 38)}]"
00051.jpg,"[{'contour_0': (597, 541, 102, 49)}, {'contour_1': (230, 491, 153, 88)}, {'contour_2': (116, 120, 125, 37)}]"
00052.jpg,"[{'contour_0': (307, 528, 129, 64)}, {'contour_1': (167, 135, 118, 44)}]"
00053.jpg,"[{'contour_0': (217, 165, 110, 38)}]"
00054.jpg,"[{'contour_0': (837, 661, 167, 59)}, {'contour_1': (513, 650, 182, 70)}, {'contour_2': (260, 643, 212, 77)}, {'contour_3': (975, 424, 137, 87)}, {'contour_4': (894, 404, 120, 62)}, {'contour_5': (265, 189, 115, 41)}]"
00055.jpg,"[{'contour_0': (223, 651, 89, 40)}, {'contour_1': (995, 432, 142, 89)}, {'contour_2': (915, 415, 119, 75)}, {'contour_3': (551, 295, 188, 99)}, {'contour_4': (314, 182, 140, 70)}]"
00056.jpg,"[{'contour_0': (604, 679, 130, 41)}, {'contour_1': (225, 651, 143, 69)}, {'contour_2': (1016, 440, 144, 91)}, {'contour_3': (938, 424, 118, 65)}, {'contour_4': (555, 289, 183, 106)}, {'contour_5': (364, 204, 129, 71)}, {'contour_6': (736, 42, 116, 28)}]"
00057.jpg,"[{'contour_0': (1044, 453, 140, 89)}, {'contour_1': (961, 433, 123, 63)}, {'contour_2': (414, 261, 113, 39)}, {'contour_3': (782, 63, 123, 31)}]"
00058.jpg,"[{'contour_0': (627, 333, 115, 60)}, {'contour_1': (464, 286, 138, 58)}, {'contour_2': (838, 87, 116, 32)}]"
00059.jpg,"[{'contour_0': (1094, 476, 142, 91)}, {'contour_1': (1009, 456, 123, 65)}, {'contour_2': (629, 320, 115, 69)}, {'contour_3': (891, 112, 117, 31)}]"
00060.jpg,"[{'contour_0': (1103, 484, 161, 94)}, {'contour_1': (998, 467, 161, 64)}, {'contour_2': (945, 135, 122, 30)}]"
00061.jpg,"[{'contour_0': (528, 682, 82, 38)}, {'contour_1': (1059, 478, 127, 64)}, {'contour_2': (602, 312, 147, 91)}, {'contour_3': (997, 156, 127, 33)}]"
00062.jpg,"[{'contour_0': (1085, 488, 127, 67)}, {'contour_1': (671, 382, 120, 49)}, {'contour_2': (1050, 180, 124, 34)}]"
00063.jpg,"[{'contour_0': (1110, 501, 130, 67)}, {'contour_1': (727, 415, 118, 44)}, {'contour_2': (1105, 205, 121, 34)}]"
00064.jpg,"[{'contour_0': (75, 530, 108, 68)}, {'contour_1': (1136, 514, 130, 66)}, {'contour_2': (779, 443, 124, 43)}, {'contour_3': (1164, 231, 116, 33)}]"
00065.jpg,"[{'contour_0': (243, 651, 129, 69)}, {'contour_1': (1159, 525, 121, 56)}, {'contour_2': (834, 433, 148, 79)}, {'contour_3': (572, 308, 140, 66)}]"
00066.jpg,"[{'contour_0': (1189, 536, 91, 53)}, {'contour_1': (889, 497, 124, 44)}]"
00067.jpg,"[{'contour_0': (294, 654, 172, 66)}, {'contour_1': (948, 523, 128, 51)}, {'contour_2': (561, 304, 197, 93)}]"
00068.jpg,"[{'contour_0': (370, 699, 92, 21)}, {'contour_1': (609, 545, 119, 49)}]"
00069.jpg,"[{'contour_0': (826, 650, 128, 70)}, {'contour_1': (565, 309, 198, 80)}]"
00070.jpg,"[{'contour_0': (73, 666, 130, 54)}, {'contour_1': (587, 304, 178, 78)}]"
00071.jpg,"[{'contour_0': (881, 686, 123, 34)}, {'contour_1': (59, 77, 129, 40)}, {'contour_2': (257, 58, 199, 103)}]"
00072.jpg,"[{'contour_0': (646, 334, 121, 65)}, {'contour_1': (106, 103, 137, 42)}]"
00073.jpg,"[{'contour_0': (159, 114, 169, 57)}, {'contour_1': (364, 109, 137, 73)}]"
00074.jpg,[]
00075.jpg,[]
00076.jpg,[]
00077.jpg,"[{'contour_0': (60, 678, 142, 42)}, {'contour_1': (649, 319, 135, 83)}]"
00078.jpg,[]
00079.jpg,[]
00080.jpg,"[{'contour_0': (556, 299, 188, 71)}]"
00081.jpg,[]
00082.jpg,"[{'contour_0': (177, 651, 141, 69)}]"
00083.jpg,"[{'contour_0': (262, 670, 91, 50)}, {'contour_1': (747, 405, 155, 62)}]"
00084.jpg,"[{'contour_0': (833, 650, 122, 70)}, {'contour_1': (813, 445, 160, 56)}]"
00085.jpg,"[{'contour_0': (261, 702, 96, 18)}, {'contour_1': (878, 484, 94, 22)}]"
00086.jpg,"[{'contour_0': (828, 665, 173, 55)}, {'contour_1': (949, 521, 170, 54)}]"
00087.jpg,"[{'contour_0': (1019, 555, 100, 24)}]"
00088.jpg,[]
00089.jpg,[]
00090.jpg,[]
00091.jpg,[]
00092.jpg,"[{'contour_0': (8, 533, 172, 53)}, {'contour_1': (609, 293, 108, 55)}]"
00093.jpg,[]
00094.jpg,[]
00095.jpg,[]
00096.jpg,[]
00097.jpg,[]
00098.jpg,[]
00099.jpg,"[{'contour_0': (1158, 52, 122, 76)}]"
00100.jpg,[]
00101.jpg,[]
00102.jpg,"[{'contour_0': (480, 553, 149, 70)}]"
00103.jpg,"[{'contour_0': (608, 294, 125, 67)}, {'contour_1': (78, 84, 142, 58)}]"
00104.jpg,"[{'contour_0': (227, 163, 72, 21)}]"
00105.jpg,"[{'contour_0': (788, 698, 105, 22)}, {'contour_1': (307, 201, 69, 24)}, {'contour_2': (229, 165, 70, 23)}]"
00106.jpg,"[{'contour_0': (388, 244, 69, 22)}, {'contour_1': (308, 205, 67, 21)}]"
00107.jpg,"[{'contour_0': (389, 244, 69, 24)}]"
00108.jpg,"[{'contour_0': (476, 284, 104, 31)}]"
00109.jpg,[]
00110.jpg,"[{'contour_0': (558, 293, 106, 56)}]"
00111.jpg,[]
00112.jpg,"[{'contour_0': (916, 506, 72, 23)}, {'contour_1': (829, 454, 72, 30)}]"
00113.jpg,"[{'contour_0': (1008, 552, 69, 23)}, {'contour_1': (917, 506, 72, 20)}]"
00114.jpg,"[{'contour_0': (1007, 552, 69, 22)}]"
00115.jpg,"[{'contour_0': (1191, 651, 89, 17)}]"
00116.jpg,"[{'contour_0': (1192, 651, 88, 16)}]"
00117.jpg,[]
00118.jpg,[]
00119.jpg,[]
00120.jpg,[]
00121.jpg,[]
00122.jpg,[]
00123.jpg,[]
00124.jpg,[]
00125.jpg,"[{'contour_0': (49, 604, 110, 35)}]"
00126.jpg,"[{'contour_0': (81, 462, 80, 50)}]"
00127.jpg,"[{'contour_0': (244, 684, 86, 36)}, {'contour_1': (573, 653, 132, 67)}]"
00128.jpg,"[{'contour_0': (630, 682, 61, 38)}, {'contour_1': (472, 500, 111, 63)}]"
00129.jpg,"[{'contour_0': (29, 662, 92, 58)}, {'contour_1': (449, 652, 127, 68)}]"
00130.jpg,[]
00131.jpg,"[{'contour_0': (188, 695, 76, 25)}, {'contour_1': (49, 637, 114, 54)}]"
00132.jpg,"[{'contour_0': (150, 694, 112, 26)}]"
00133.jpg,[]
00134.jpg,[]
00135.jpg,"[{'contour_0': (647, 288, 98, 57)}]"
00136.jpg,[]
00137.jpg,[]
00138.jpg,[]
00139.jpg,"[{'contour_0': (408, 634, 179, 53)}]"
00140.jpg,"[{'contour_0': (286, 505, 208, 75)}, {'contour_1': (663, 287, 82, 49)}, {'contour_2': (618, 35, 185, 103)}]"
00141.jpg,"[{'contour_0': (654, 653, 124, 67)}, {'contour_1': (656, 56, 186, 101)}]"
00142.jpg,"[{'contour_0': (698, 76, 181, 98)}]"
00143.jpg,"[{'contour_0': (706, 699, 104, 21)}, {'contour_1': (739, 93, 180, 100)}]"
00144.jpg,"[{'contour_0': (780, 112, 184, 100)}]"
00145.jpg,"[{'contour_0': (821, 131, 183, 102)}]"
00146.jpg,"[{'contour_0': (425, 652, 160, 68)}, {'contour_1': (665, 284, 80, 51)}, {'contour_2': (861, 151, 186, 104)}]"
00147.jpg,"[{'contour_0': (853, 401, 392, 179)}, {'contour_1': (641, 270, 104, 67)}, {'contour_2': (903, 171, 181, 99)}]"
00148.jpg,"[{'contour_0': (464, 683, 207, 37)}, {'contour_1': (945, 189, 179, 100)}]"
00149.jpg,"[{'contour_0': (987, 206, 183, 104)}]"
00150.jpg,"[{'contour_0': (1148, 312, 132, 86)}, {'contour_1': (640, 280, 111, 50)}]"
00151.jpg,"[{'contour_0': (984, 687, 159, 33)}, {'contour_1': (639, 270, 136, 66)}]"
00152.jpg,"[{'contour_0': (599, 643, 106, 36)}, {'contour_1': (1207, 372, 73, 36)}]"
00153.jpg,"[{'contour_0': (755, 243, 89, 23)}]"
00154.jpg,"[{'contour_0': (755, 244, 187, 69)}]"
00155.jpg,"[{'contour_0': (425, 275, 62, 38)}]"
00156.jpg,[]
00157.jpg,[]
00158.jpg,[]
00159.jpg,[]
00160.jpg,"[{'contour_0': (882, 486, 62, 38)}]"
00161.jpg,"[{'contour_0': (704, 655, 204, 65)}]"
00162.jpg,"[{'contour_0': (1193, 628, 87, 36)}, {'contour_1': (188, 608, 172, 63)}]"
00163.jpg,"[{'contour_0': (770, 694, 197, 26)}]"
00164.jpg,"[{'contour_0': (641, 258, 102, 53)}]"
00165.jpg,[]
00166.jpg,[]
00167.jpg,[]
00168.jpg,"[{'contour_0': (725, 651, 129, 69)}, {'contour_1': (637, 247, 154, 97)}]"
00169.jpg,"[{'contour_0': (327, 662, 116, 58)}, {'contour_1': (638, 251, 104, 54)}]"
00170.jpg,"[{'contour_0': (775, 700, 132, 20)}]"
00171.jpg,"[{'contour_0': (701, 651, 145, 69)}]"
00172.jpg,[]
00173.jpg,[]
00174.jpg,[]
00175.jpg,"[{'contour_0': (718, 651, 154, 69)}]"
00176.jpg,"[{'contour_0': (733, 651, 147, 69)}]"
00177.jpg,"[{'contour_0': (588, 651, 191, 69)}, {'contour_1': (450, 651, 155, 69)}]"
00178.jpg,[]
00179.jpg,"[{'contour_0': (646, 673, 116, 47)}, {'contour_1': (745, 651, 147, 69)}]"
00180.jpg,[]
00181.jpg,[]
00182.jpg,[]
00183.jpg,[]
00184.jpg,"[{'contour_0': (808, 672, 101, 48)}]"
00185.jpg,"[{'contour_0': (772, 653, 142, 67)}]"
00186.jpg,"[{'contour_0': (572, 205, 102, 66)}]"
00187.jpg,[]
00188.jpg,"[{'contour_0': (811, 39, 189, 125)}]"
00189.jpg,[]
00190.jpg,"[{'contour_0': (1157, 26, 123, 40)}, {'contour_1': (583, 218, 128, 83)}]"
00191.jpg,[]
00192.jpg,[]
00193.jpg,[]
00194.jpg,[]
00195.jpg,[]
00196.jpg,[]
00197.jpg,[]
00198.jpg,[]
00199.jpg,[]
00200.jpg,"[{'contour_0': (624, 704, 123, 16)}, {'contour_1': (637, 202, 92, 51)}]"
00201.jpg,[]
00202.jpg,"[{'contour_0': (622, 193, 98, 61)}]"
00203.jpg,[]
00204.jpg,[]
00205.jpg,"[{'contour_0': (607, 651, 97, 38)}, {'contour_1': (598, 218, 126, 81)}]"
00206.jpg,"[{'contour_0': (621, 202, 145, 89)}]"
00207.jpg,[]
00208.jpg,[]
00209.jpg,"[{'contour_0': (832, 259, 448, 260)}]"
00210.jpg,"[{'contour_0': (909, 345, 371, 177)}]"
00211.jpg,[]
00212.jpg,[]
00213.jpg,"[{'contour_0': (438, 651, 128, 69)}]"
00214.jpg,"[{'contour_0': (778, 651, 152, 69)}]"
00215.jpg,"[{'contour_0': (815, 262, 465, 270)}]"
00216.jpg,"[{'contour_0': (572, 676, 156, 44)}]"
00217.jpg,[]
00218.jpg,[]
00219.jpg,"[{'contour_0': (753, 651, 153, 69)}]"
00220.jpg,[]
00221.jpg,[]
00222.jpg,[]
00223.jpg,"[{'contour_0': (494, 683, 186, 37)}, {'contour_1': (725, 651, 152, 69)}]"
00224.jpg,[]
00225.jpg,"[{'contour_0': (780, 280, 500, 285)}]"
00226.jpg,"[{'contour_0': (791, 307, 312, 175)}]"
00227.jpg,"[{'contour_0': (104, 369, 273, 128)}, {'contour_1': (777, 284, 503, 282)}]"
00228.jpg,"[{'contour_0': (692, 651, 154, 69)}]"
00229.jpg,"[{'contour_0': (681, 651, 152, 69)}]"
00230.jpg,[]
00231.jpg,[]
00232.jpg,"[{'contour_0': (662, 651, 155, 69)}]"
00233.jpg,"[{'contour_0': (166, 687, 171, 33)}, {'contour_1': (653, 651, 153, 69)}, {'contour_2': (936, 431, 326, 149)}]"
00234.jpg,"[{'contour_0': (18, 357, 422, 195)}]"
00235.jpg,"[{'contour_0': (126, 413, 300, 136)}, {'contour_1': (754, 303, 326, 201)}]"
00236.jpg,"[{'contour_0': (750, 304, 323, 202)}]"
00237.jpg,"[{'contour_0': (620, 651, 158, 69)}]"
00238.jpg,"[{'contour_0': (610, 651, 158, 69)}, {'contour_1': (206, 461, 200, 90)}, {'contour_2': (874, 419, 346, 159)}]"
00239.jpg,"[{'contour_0': (119, 699, 141, 21)}, {'contour_1': (751, 335, 459, 244)}]"
00240.jpg,[]
00241.jpg,[]
00242.jpg,[]
00243.jpg,[]
00244.jpg,[]
00245.jpg,"[{'contour_0': (740, 351, 222, 133)}, {'contour_1': (24, 60, 349, 156)}]"
00246.jpg,[]
00247.jpg,[]
00248.jpg,[]
00249.jpg,[]
00250.jpg,[]
00251.jpg,[]
00252.jpg,[]
00253.jpg,[]
00254.jpg,[]
00255.jpg,[]
00256.jpg,[]
00257.jpg,[]
00258.jpg,[]
00259.jpg,[]
00260.jpg,[]
00261.jpg,[]
00262.jpg,[]
00263.jpg,"[{'contour_0': (1039, 66, 128, 82)}]"
00264.jpg,"[{'contour_0': (51, 168, 310, 136)}]"
00265.jpg,"[{'contour_0': (1119, 651, 161, 69)}]"
00266.jpg,[]
00267.jpg,"[{'contour_0': (824, 23, 188, 60)}]"
00268.jpg,"[{'contour_0': (919, 64, 294, 127)}]"
00269.jpg,"[{'contour_0': (997, 106, 283, 118)}]"
00270.jpg,"[{'contour_0': (1079, 651, 159, 69)}, {'contour_1': (1093, 150, 187, 80)}, {'contour_2': (993, 96, 80, 36)}, {'contour_3': (886, 52, 83, 38)}]"
00271.jpg,"[{'contour_0': (1195, 195, 85, 41)}, {'contour_1': (976, 99, 89, 34)}]"
00272.jpg,"[{'contour_0': (56, 544, 67, 36)}, {'contour_1': (418, 374, 93, 59)}, {'contour_2': (1182, 179, 70, 41)}]"
00273.jpg,"[{'contour_0': (419, 376, 93, 60)}, {'contour_1': (1165, 180, 87, 34)}]"
00274.jpg,"[{'contour_0': (313, 654, 153, 66)}, {'contour_1': (1064, 651, 161, 69)}]"
00275.jpg,[]
00276.jpg,[]
00277.jpg,"[{'contour_0': (73, 654, 172, 66)}, {'contour_1': (1137, 21, 143, 63)}]"
00278.jpg,"[{'contour_0': (412, 645, 148, 75)}, {'contour_1': (155, 524, 159, 66)}, {'contour_2': (435, 377, 149, 68)}, {'contour_3': (1228, 75, 52, 32)}]"
00279.jpg,"[{'contour_0': (406, 651, 233, 69)}]"
00280.jpg,"[{'contour_0': (444, 660, 185, 60)}, {'contour_1': (442, 383, 104, 69)}]"
00281.jpg,"[{'contour_0': (185, 678, 124, 42)}, {'contour_1': (77, 113, 160, 102)}]"
00282.jpg,[]
00283.jpg,"[{'contour_0': (456, 382, 120, 66)}]"
00284.jpg,[]
00285.jpg,"[{'contour_0': (866, 55, 94, 36)}]"
00286.jpg,"[{'contour_0': (960, 93, 95, 38)}, {'contour_1': (1118, 39, 162, 74)}]"
00287.jpg,"[{'contour_0': (204, 702, 136, 18)}, {'contour_1': (1050, 130, 95, 36)}, {'contour_2': (1214, 82, 66, 35)}]"
00288.jpg,"[{'contour_0': (1142, 169, 99, 36)}]"
00289.jpg,[]
00290.jpg,[]
00291.jpg,[]
00292.jpg,[]
00293.jpg,[]
00294.jpg,[]
00295.jpg,[]
00296.jpg,[]
00297.jpg,[]
00298.jpg,[]
00299.jpg,[]
00300.jpg,[]
00301.jpg,"[{'contour_0': (1106, 562, 72, 41)}]"
00302.jpg,[]
00303.jpg,[]
00304.jpg,"[{'contour_0': (1137, 652, 143, 68)}, {'contour_1': (1097, 511, 183, 89)}]"
00305.jpg,"[{'contour_0': (1141, 527, 139, 91)}]"
00306.jpg,[]
00307.jpg,[]
00308.jpg,[]
00309.jpg,"[{'contour_0': (299, 660, 125, 60)}]"
00310.jpg,[]
00311.jpg,[]
00312.jpg,"[{'contour_0': (45, 210, 86, 23)}]"
00313.jpg,"[{'contour_0': (44, 162, 198, 110)}]"
00314.jpg,"[{'contour_0': (125, 188, 260, 120)}]"
00315.jpg,"[{'contour_0': (312, 325, 89, 23)}, {'contour_1': (220, 285, 82, 25)}]"
00316.jpg,"[{'contour_0': (310, 324, 179, 66)}]"
00317.jpg,"[{'contour_0': (400, 351, 172, 77)}]"
00318.jpg,[]
00319.jpg,"[{'contour_0': (659, 475, 87, 31)}, {'contour_1': (572, 440, 86, 32)}]"
00320.jpg,"[{'contour_0': (660, 479, 168, 69)}]"
00321.jpg,"[{'contour_0': (743, 521, 166, 60)}]"
00322.jpg,[]
00323.jpg,[]
00324.jpg,"[{'contour_0': (1007, 649, 165, 71)}]"
00325.jpg,"[{'contour_0': (1089, 679, 87, 41)}]"
00326.jpg,"[{'contour_0': (630, 290, 241, 146)}]"
00327.jpg,[]
00328.jpg,[]
00329.jpg,[]
00330.jpg,[]
00331.jpg,[]
00332.jpg,[]
00333.jpg,[]
00334.jpg,"[{'contour_0': (623, 273, 185, 108)}]"
00335.jpg,[]
00336.jpg,[]
00337.jpg,[]
00338.jpg,"[{'contour_0': (579, 690, 168, 30)}]"
00339.jpg,"[{'contour_0': (624, 255, 90, 57)}]"
00340.jpg,[]
00341.jpg,[]
00342.jpg,[]
00343.jpg,"[{'contour_0': (380, 446, 153, 73)}]"
00344.jpg,[]
00345.jpg,"[{'contour_0': (675, 248, 78, 47)}]"
00346.jpg,"[{'contour_0': (124, 667, 96, 53)}]"
00347.jpg,[]
00348.jpg,"[{'contour_0': (611, 240, 140, 62)}]"
00349.jpg,[]
00350.jpg,"[{'contour_0': (552, 692, 158, 28)}]"
00351.jpg,[]
00352.jpg,"[{'contour_0': (193, 705, 126, 15)}]"
00353.jpg,[]
00354.jpg,[]
00355.jpg,[]
00356.jpg,"[{'contour_0': (283, 651, 153, 69)}]"
00357.jpg,"[{'contour_0': (375, 652, 107, 68)}]"
00358.jpg,[]
00359.jpg,[]
00360.jpg,[]
00361.jpg,"[{'contour_0': (148, 173, 152, 60)}]"
00362.jpg,"[{'contour_0': (219, 217, 152, 58)}]"
00363.jpg,"[{'contour_0': (598, 692, 148, 28)}]"
00364.jpg,[]
00365.jpg,[]
00366.jpg,"[{'contour_0': (500, 369, 144, 56)}]"
00367.jpg,"[{'contour_0': (110, 259, 130, 63)}]"
00368.jpg,[]
00369.jpg,"[{'contour_0': (418, 651, 111, 69)}]"
00370.jpg,"[{'contour_0': (493, 675, 83, 45)}, {'contour_1': (386, 398, 60, 33)}]"
00371.jpg,"[{'contour_0': (420, 666, 148, 54)}, {'contour_1': (389, 407, 125, 60)}, {'contour_2': (643, 253, 75, 49)}, {'contour_3': (1089, 143, 191, 116)}]"
00372.jpg,"[{'contour_0': (456, 445, 121, 57)}]"
00373.jpg,"[{'contour_0': (524, 472, 136, 65)}, {'contour_1': (218, 120, 753, 446)}]"
00374.jpg,"[{'contour_0': (1028, 654, 222, 66)}, {'contour_1': (423, 237, 582, 342)}]"
00375.jpg,"[{'contour_0': (1088, 685, 68, 35)}, {'contour_1': (577, 327, 424, 250)}, {'contour_2': (1085, 128, 84, 48)}]"
00376.jpg,"[{'contour_0': (664, 249, 190, 104)}, {'contour_1': (1139, 176, 133, 84)}, {'contour_2': (1172, 39, 108, 49)}]"
00377.jpg,"[{'contour_0': (1138, 654, 121, 66)}, {'contour_1': (657, 368, 317, 188)}, {'contour_2': (242, 118, 263, 161)}]"
00378.jpg,"[{'contour_0': (1144, 654, 123, 66)}, {'contour_1': (841, 651, 120, 69)}, {'contour_2': (361, 645, 112, 29)}, {'contour_3': (672, 371, 308, 184)}]"
00379.jpg,"[{'contour_0': (903, 668, 128, 52)}, {'contour_1': (1151, 652, 129, 68)}]"
00380.jpg,"[{'contour_0': (684, 254, 184, 107)}]"
00381.jpg,[]
00382.jpg,"[{'contour_0': (478, 529, 113, 53)}]"
00383.jpg,[]
00384.jpg,[]
00385.jpg,"[{'contour_0': (736, 672, 117, 48)}, {'contour_1': (344, 304, 106, 54)}, {'contour_2': (703, 257, 159, 91)}]"
00386.jpg,[]
00387.jpg,[]
00388.jpg,"[{'contour_0': (326, 111, 210, 85)}]"
00389.jpg,"[{'contour_0': (572, 422, 95, 57)}, {'contour_1': (385, 141, 199, 56)}]"
00390.jpg,"[{'contour_0': (622, 456, 96, 54)}, {'contour_1': (434, 175, 202, 54)}]"
00391.jpg,"[{'contour_0': (673, 482, 95, 55)}, {'contour_1': (450, 189, 235, 73)}]"
00392.jpg,"[{'contour_0': (723, 513, 90, 50)}, {'contour_1': (520, 231, 239, 75)}]"
00393.jpg,"[{'contour_0': (579, 258, 178, 56)}, {'contour_1': (421, 44, 101, 65)}, {'contour_2': (2, 32, 99, 58)}]"
00394.jpg,"[{'contour_0': (553, 646, 93, 38)}, {'contour_1': (468, 76, 113, 64)}, {'contour_2': (61, 67, 87, 55)}]"
00395.jpg,"[{'contour_0': (480, 566, 72, 36)}, {'contour_1': (607, 542, 124, 65)}, {'contour_2': (514, 109, 113, 63)}]"
00396.jpg,"[{'contour_0': (160, 126, 88, 55)}]"
00397.jpg,"[{'contour_0': (228, 692, 88, 28)}, {'contour_1': (602, 168, 92, 59)}, {'contour_2': (204, 154, 83, 55)}]"
00398.jpg,"[{'contour_0': (673, 691, 108, 29)}, {'contour_1': (986, 678, 84, 42)}, {'contour_2': (814, 669, 152, 51)}, {'contour_3': (819, 405, 158, 48)}]"
00399.jpg,"[{'contour_0': (290, 651, 106, 69)}, {'contour_1': (858, 432, 161, 60)}, {'contour_2': (293, 220, 81, 47)}]"
00400.jpg,"[{'contour_0': (352, 652, 114, 68)}, {'contour_1': (907, 460, 148, 46)}, {'contour_2': (338, 244, 77, 48)}]"
00401.jpg,"[{'contour_0': (288, 650, 126, 70)}, {'contour_1': (945, 486, 148, 45)}]"
00402.jpg,"[{'contour_0': (23, 576, 204, 126)}, {'contour_1': (984, 509, 143, 45)}]"
00403.jpg,"[{'contour_0': (165, 652, 128, 68)}, {'contour_1': (976, 529, 185, 52)}, {'contour_2': (461, 327, 71, 44)}]"
00404.jpg,"[{'contour_0': (884, 359, 98, 60)}, {'contour_1': (501, 354, 73, 45)}, {'contour_2': (668, 252, 185, 89)}]"
00405.jpg,"[{'contour_0': (180, 652, 119, 68)}, {'contour_1': (955, 114, 325, 216)}]"
00406.jpg,"[{'contour_0': (244, 687, 110, 33)}, {'contour_1': (1004, 151, 276, 181)}]"
00407.jpg,"[{'contour_0': (1158, 651, 122, 28)}, {'contour_1': (37, 640, 131, 80)}, {'contour_2': (656, 249, 179, 89)}]"
00408.jpg,"[{'contour_0': (1165, 656, 115, 64)}, {'contour_1': (415, 494, 122, 61)}, {'contour_2': (652, 456, 70, 42)}, {'contour_3': (653, 250, 175, 80)}]"
00409.jpg,"[{'contour_0': (1219, 689, 61, 31)}, {'contour_1': (1044, 675, 77, 45)}, {'contour_2': (54, 651, 124, 69)}, {'contour_3': (477, 531, 110, 50)}, {'contour_4': (1062, 487, 89, 58)}, {'contour_5': (650, 255, 173, 81)}]"
00410.jpg,"[{'contour_0': (49, 640, 139, 80)}, {'contour_1': (1208, 502, 72, 43)}, {'contour_2': (646, 251, 173, 85)}]"
00411.jpg,"[{'contour_0': (745, 694, 109, 26)}, {'contour_1': (568, 652, 110, 68)}, {'contour_2': (51, 633, 138, 87)}, {'contour_3': (643, 251, 171, 83)}]"
00412.jpg,"[{'contour_0': (647, 651, 112, 69)}, {'contour_1': (643, 253, 166, 75)}]"
00413.jpg,"[{'contour_0': (705, 680, 122, 40)}, {'contour_1': (77, 649, 129, 71)}, {'contour_2': (637, 253, 167, 74)}]"
00414.jpg,"[{'contour_0': (64, 636, 150, 84)}, {'contour_1': (632, 250, 168, 81)}]"
00415.jpg,"[{'contour_0': (49, 624, 174, 96)}]"
00416.jpg,"[{'contour_0': (89, 645, 142, 75)}, {'contour_1': (627, 247, 163, 78)}]"
00417.jpg,"[{'contour_0': (623, 245, 162, 74)}]"
00418.jpg,"[{'contour_0': (996, 676, 78, 44)}, {'contour_1': (106, 651, 135, 69)}, {'contour_2': (625, 248, 156, 71)}]"
00419.jpg,"[{'contour_0': (1029, 683, 76, 37)}, {'contour_1': (61, 620, 236, 100)}, {'contour_2': (481, 531, 199, 131)}]"
00420.jpg,"[{'contour_0': (534, 564, 85, 32)}, {'contour_1': (138, 497, 196, 106)}, {'contour_2': (671, 254, 101, 64)}]"
00421.jpg,"[{'contour_0': (221, 608, 219, 112)}, {'contour_1': (609, 606, 178, 114)}, {'contour_2': (258, 530, 76, 26)}, {'contour_3': (611, 242, 157, 73)}, {'contour_4': (205, 109, 81, 42)}, {'contour_5': (1090, 57, 190, 107)}]"
00422.jpg,"[{'contour_0': (630, 242, 133, 67)}, {'contour_1': (1080, 58, 200, 109)}]"
00423.jpg,"[{'contour_0': (694, 667, 137, 53)}, {'contour_1': (606, 230, 154, 84)}, {'contour_2': (272, 146, 82, 53)}]"
00424.jpg,"[{'contour_0': (746, 699, 86, 21)}, {'contour_1': (141, 654, 131, 66)}, {'contour_2': (603, 238, 153, 73)}, {'contour_3': (305, 168, 80, 51)}]"
00425.jpg,"[{'contour_0': (468, 664, 125, 56)}, {'contour_1': (165, 653, 117, 67)}, {'contour_2': (600, 236, 151, 73)}, {'contour_3': (337, 191, 81, 51)}]"
00426.jpg,"[{'contour_0': (519, 697, 75, 23)}, {'contour_1': (598, 237, 150, 65)}, {'contour_2': (368, 212, 82, 53)}]"
00427.jpg,"[{'contour_0': (549, 651, 90, 35)}, {'contour_1': (595, 237, 149, 65)}, {'contour_2': (400, 236, 80, 49)}]"
00428.jpg,"[{'contour_0': (534, 650, 159, 70)}, {'contour_1': (438, 260, 74, 48)}]"
00429.jpg,[]
00430.jpg,[]
00431.jpg,"[{'contour_0': (525, 324, 82, 50)}]"
00432.jpg,"[{'contour_0': (557, 346, 84, 53)}, {'contour_1': (1034, 26, 102, 35)}]"
00433.jpg,"[{'contour_0': (420, 651, 80, 29)}, {'contour_1': (667, 650, 112, 65)}]"
00434.jpg,"[{'contour_0': (417, 121, 299, 164)}]"
00435.jpg,"[{'contour_0': (431, 651, 161, 69)}]"
00436.jpg,"[{'contour_0': (876, 689, 53, 31)}, {'contour_1': (477, 658, 129, 62)}]"
00437.jpg,"[{'contour_0': (1192, 129, 88, 35)}]"
00438.jpg,"[{'contour_0': (762, 479, 79, 51)}, {'contour_1': (1217, 149, 63, 35)}]"
00439.jpg,"[{'contour_0': (539, 651, 154, 69)}, {'contour_1': (795, 500, 81, 52)}]"
00440.jpg,"[{'contour_0': (575, 648, 139, 72)}, {'contour_1': (827, 523, 79, 52)}]"
00441.jpg,"[{'contour_0': (628, 676, 80, 44)}, {'contour_1': (548, 518, 125, 72)}]"
00442.jpg,"[{'contour_0': (601, 553, 72, 46)}]"
00443.jpg,[]
00444.jpg,"[{'contour_0': (701, 650, 163, 70)}]"
00445.jpg,"[{'contour_0': (121, 684, 74, 36)}, {'contour_1': (753, 659, 127, 61)}, {'contour_2': (1005, 652, 79, 39)}]"
00446.jpg,"[{'contour_0': (811, 695, 68, 25)}]"
00447.jpg,"[{'contour_0': (1069, 684, 69, 36)}]"
00448.jpg,"[{'contour_0': (1176, 43, 104, 50)}]"
00449.jpg,"[{'contour_0': (588, 494, 165, 93)}]"
00450.jpg,"[{'contour_0': (642, 530, 138, 91)}]"
00451.jpg,"[{'contour_0': (780, 642, 115, 52)}]"
00452.jpg,"[{'contour_0': (784, 652, 160, 68)}]"
00453.jpg,"[{'contour_0': (800, 651, 160, 69)}, {'contour_1': (526, 523, 153, 97)}, {'contour_2': (38, 445, 157, 103)}, {'contour_3': (1153, 87, 86, 44)}]"
00454.jpg,"[{'contour_0': (855, 673, 105, 47)}, {'contour_1': (575, 559, 79, 35)}, {'contour_2': (76, 478, 167, 101)}, {'contour_3': (1184, 113, 96, 40)}]"
00455.jpg,"[{'contour_0': (132, 513, 123, 67)}]"
00456.jpg,[]
00457.jpg,"[{'contour_0': (730, 665, 127, 55)}]"
00458.jpg,"[{'contour_0': (333, 653, 112, 67)}]"
00459.jpg,"[{'contour_0': (315, 652, 141, 68)}, {'contour_1': (1195, 33, 85, 51)}]"
00460.jpg,"[{'contour_0': (371, 688, 80, 32)}, {'contour_1': (939, 160, 167, 106)}]"
00461.jpg,[]
00462.jpg,[]
00463.jpg,"[{'contour_0': (578, 216, 93, 54)}]"
00464.jpg,"[{'contour_0': (559, 210, 158, 58)}]"
00465.jpg,[]
00466.jpg,[]
00467.jpg,"[{'contour_0': (516, 191, 216, 135)}]"
00468.jpg,[]
00469.jpg,[]
00470.jpg,[]
00471.jpg,[]
00472.jpg,[]
00473.jpg,[]
00474.jpg,[]
00475.jpg,[]
00476.jpg,[]
00477.jpg,"[{'contour_0': (153, 651, 144, 69)}]"
00478.jpg,[]
00479.jpg,[]
00480.jpg,"[{'contour_0': (179, 468, 173, 93)}, {'contour_1': (785, 254, 157, 77)}, {'contour_2': (856, 33, 118, 70)}]"
00481.jpg,"[{'contour_0': (131, 649, 169, 71)}, {'contour_1': (231, 504, 103, 58)}, {'contour_2': (805, 266, 146, 79)}, {'contour_3': (749, 6, 256, 119)}]"
00482.jpg,"[{'contour_0': (410, 651, 81, 23)}, {'contour_1': (822, 279, 148, 79)}, {'contour_2': (535, 211, 174, 80)}, {'contour_3': (917, 75, 117, 71)}]"
00483.jpg,"[{'contour_0': (424, 651, 122, 69)}, {'contour_1': (840, 293, 148, 77)}, {'contour_2': (947, 96, 118, 71)}]"
00484.jpg,"[{'contour_0': (408, 651, 56, 34)}, {'contour_1': (857, 304, 148, 78)}, {'contour_2': (978, 115, 129, 72)}]"
00485.jpg,"[{'contour_0': (591, 516, 143, 76)}, {'contour_1': (875, 317, 150, 78)}, {'contour_2': (1009, 135, 126, 73)}]"
00486.jpg,"[{'contour_0': (504, 686, 104, 34)}, {'contour_1': (146, 651, 138, 69)}, {'contour_2': (645, 552, 90, 54)}, {'contour_3': (896, 329, 150, 80)}, {'contour_4': (1041, 157, 122, 72)}]"
00487.jpg,"[{'contour_0': (15, 659, 290, 61)}, {'contour_1': (747, 636, 133, 84)}, {'contour_2': (916, 343, 151, 78)}, {'contour_3': (1075, 178, 132, 72)}]"
00488.jpg,"[{'contour_0': (766, 650, 156, 70)}, {'contour_1': (473, 506, 197, 115)}, {'contour_2': (936, 357, 153, 77)}, {'contour_3': (1109, 199, 132, 81)}]"
00489.jpg,"[{'contour_0': (817, 662, 134, 58)}, {'contour_1': (12, 652, 128, 68)}, {'contour_2': (524, 540, 113, 43)}, {'contour_3': (956, 369, 154, 79)}, {'contour_4': (1142, 220, 138, 73)}]"
00490.jpg,"[{'contour_0': (678, 650, 120, 70)}, {'contour_1': (978, 381, 152, 80)}, {'contour_2': (557, 217, 143, 66)}]"
00491.jpg,"[{'contour_0': (998, 395, 153, 80)}]"
00492.jpg,"[{'contour_0': (687, 651, 172, 69)}, {'contour_1': (1019, 410, 153, 78)}]"
00493.jpg,"[{'contour_0': (743, 681, 111, 39)}, {'contour_1': (1038, 422, 154, 78)}]"
00494.jpg,[]
00495.jpg,[]
00496.jpg,[]
00497.jpg,"[{'contour_0': (56, 685, 64, 35)}]"
00498.jpg,"[{'contour_0': (1138, 488, 142, 80)}]"
00499.jpg,"[{'contour_0': (1159, 503, 121, 79)}]"
